{
	"info": {
		"_postman_id": "bb152ee5-3ee2-46ea-800e-719de640b85e",
		"name": "Mark_agro_api",
		"description": "Mark agro api development for mobile app.  \nDesign : [Mark Agro Figma](https://www.figma.com/file/ETFcG4zRdppdFJHXTZ4r73/Mark-agro?type=design&node-id=0-1&mode=design&t=CGyRVqaDTBDp5Jym-0)",
		"schema": "https://schema.getpostman.com/json/collection/v2.1.0/collection.json",
		"_exporter_id": "24614285",
		"_collection_link": "https://cloudy-space-517568.postman.co/workspace/Mehedi-API-Update~20c059cc-2915-4a88-b19a-ee1833c61049/collection/24614285-bb152ee5-3ee2-46ea-800e-719de640b85e?action=share&source=collection_link&creator=24614285"
	},
	"item": [
		{
			"name": "Cart",
			"item": [
				{
					"name": "addToCart",
					"request": {
						"method": "POST",
						"header": [],
						"body": {
							"mode": "urlencoded",
							"urlencoded": [
								{
									"key": "seller_id",
									"value": "1",
									"description": "constant",
									"type": "text"
								},
								{
									"key": "product_id",
									"value": "1",
									"type": "text"
								},
								{
									"key": "order_id",
									"value": "72",
									"type": "text"
								},
								{
									"key": "user_id",
									"value": "1",
									"type": "text"
								}
							]
						},
						"url": {
							"raw": "{{local}}/addToCart",
							"host": [
								"{{local}}"
							],
							"path": [
								"addToCart"
							]
						}
					},
					"response": []
				},
				{
					"name": "updateCart",
					"request": {
						"method": "POST",
						"header": [],
						"body": {
							"mode": "urlencoded",
							"urlencoded": [
								{
									"key": "orderDetailsId",
									"value": "86",
									"type": "text"
								},
								{
									"key": "quantity",
									"value": "5",
									"type": "text"
								},
								{
									"key": "price",
									"value": "1000",
									"type": "text"
								}
							]
						},
						"url": {
							"raw": "{{local}}/update_cart",
							"host": [
								"{{local}}"
							],
							"path": [
								"update_cart"
							]
						}
					},
					"response": []
				},
				{
					"name": "deliveryAddressUpdate",
					"request": {
						"method": "POST",
						"header": [],
						"body": {
							"mode": "urlencoded",
							"urlencoded": [
								{
									"key": "division",
									"value": "Rajshahi",
									"type": "text"
								},
								{
									"key": "district",
									"value": "Rajshahi",
									"type": "text"
								},
								{
									"key": "thana",
									"value": "Motihar",
									"type": "text"
								},
								{
									"key": "deliveryNumber",
									"value": "01747090362",
									"type": "text"
								},
								{
									"key": "areaName",
									"value": "Talaimari",
									"type": "text"
								}
							]
						},
						"url": {
							"raw": "{{local}}/deliveryAddress?order_id=71",
							"host": [
								"{{local}}"
							],
							"path": [
								"deliveryAddress"
							],
							"query": [
								{
									"key": "order_id",
									"value": "71"
								}
							]
						}
					},
					"response": []
				},
				{
					"name": "placeOrder",
					"request": {
						"method": "GET",
						"header": [],
						"url": {
							"raw": "{{local}}/placeOrder?order_id=72",
							"host": [
								"{{local}}"
							],
							"path": [
								"placeOrder"
							],
							"query": [
								{
									"key": "order_id",
									"value": "72"
								}
							]
						}
					},
					"response": []
				},
				{
					"name": "cartDel",
					"request": {
						"method": "DELETE",
						"header": [],
						"url": {
							"raw": "{{local}}/cancelOrder?order_id=72",
							"host": [
								"{{local}}"
							],
							"path": [
								"cancelOrder"
							],
							"query": [
								{
									"key": "order_id",
									"value": "72"
								}
							]
						}
					},
					"response": []
				},
				{
					"name": "delProductFromCart",
					"request": {
						"method": "DELETE",
						"header": [],
						"url": {
							"raw": "{{local}}/cart_del?order_details_id=1",
							"host": [
								"{{local}}"
							],
							"path": [
								"cart_del"
							],
							"query": [
								{
									"key": "order_details_id",
									"value": "1"
								}
							]
						}
					},
					"response": []
				}
			]
		},
		{
			"name": "Order",
			"item": [
				{
					"name": "allOrders",
					"request": {
						"method": "GET",
						"header": [],
						"url": {
							"raw": "{{local}}/orders?userId=1",
							"host": [
								"{{local}}"
							],
							"path": [
								"orders"
							],
							"query": [
								{
									"key": "userId",
									"value": "1"
								}
							]
						}
					},
					"response": []
				},
				{
					"name": "orderDetails",
					"request": {
						"method": "GET",
						"header": [],
						"url": {
							"raw": "{{local}}/order_details?orderId=71&userId=1",
							"host": [
								"{{local}}"
							],
							"path": [
								"order_details"
							],
							"query": [
								{
									"key": "orderId",
									"value": "71"
								},
								{
									"key": "userId",
									"value": "1"
								}
							]
						}
					},
					"response": []
				}
			]
		},
		{
			"name": "Profile",
			"item": [
				{
					"name": "passReset",
					"request": {
						"method": "POST",
						"header": [],
						"body": {
							"mode": "urlencoded",
							"urlencoded": [
								{
									"key": "oldPassword",
									"value": "12341",
									"type": "text"
								},
								{
									"key": "newPassword",
									"value": "1234",
									"type": "text"
								},
								{
									"key": "confirmPass",
									"value": "12341",
									"type": "text"
								}
							]
						},
						"url": {
							"raw": "{{local}}/passReset?number=+8801747090362",
							"host": [
								"{{local}}"
							],
							"path": [
								"passReset"
							],
							"query": [
								{
									"key": "number",
									"value": "+8801747090362"
								}
							]
						}
					},
					"response": []
				},
				{
					"name": "editProfile",
					"event": [
						{
							"listen": "prerequest",
							"script": {
								"exec": [
									""
								],
								"type": "text/javascript"
							}
						}
					],
					"request": {
						"method": "POST",
						"header": [],
						"body": {
							"mode": "urlencoded",
							"urlencoded": [
								{
									"key": "name",
									"value": "Mehedi Hasan",
									"type": "text"
								},
								{
									"key": "email",
									"value": "meek@test.com",
									"type": "text"
								},
								{
									"key": "phone",
									"value": "+8801747090362",
									"type": "text"
								},
								{
									"key": "date_of_birth",
									"value": "2023-09-25",
									"type": "text"
								},
								{
									"key": "gender",
									"value": "male",
									"type": "text"
								}
							]
						},
						"url": {
							"raw": "{{local}}/editProfile?userId=1",
							"host": [
								"{{local}}"
							],
							"path": [
								"editProfile"
							],
							"query": [
								{
									"key": "userId",
									"value": "1"
								}
							]
						}
					},
					"response": []
				},
				{
					"name": "userProfile",
					"protocolProfileBehavior": {
						"disableBodyPruning": true
					},
					"request": {
						"method": "GET",
						"header": [],
						"body": {
							"mode": "urlencoded",
							"urlencoded": []
						},
						"url": {
							"raw": "{{local}}/userProfile?userId=1",
							"host": [
								"{{local}}"
							],
							"path": [
								"userProfile"
							],
							"query": [
								{
									"key": "userId",
									"value": "1"
								}
							]
						}
					},
					"response": []
				},
				{
					"name": "updateImage",
					"request": {
						"method": "POST",
						"header": [],
						"body": {
							"mode": "formdata",
							"formdata": [
								{
									"key": "user_img",
									"type": "file",
									"src": "/C:/Users/mjmeh/Pictures/Screenshots/Screenshot 2023-09-13 164622.png"
								}
							]
						},
						"url": {
							"raw": "{{local}}/editPic?userId=1",
							"host": [
								"{{local}}"
							],
							"path": [
								"editPic"
							],
							"query": [
								{
									"key": "userId",
									"value": "1"
								}
							]
						}
					},
					"response": []
				}
			]
		},
		{
			"name": "wishlist",
			"item": [
				{
					"name": "getWishlist",
					"request": {
						"method": "GET",
						"header": [],
						"url": {
							"raw": "{{local}}/getWishlist?userId=1",
							"host": [
								"{{local}}"
							],
							"path": [
								"getWishlist"
							],
							"query": [
								{
									"key": "userId",
									"value": "1"
								}
							]
						}
					},
					"response": []
				},
				{
					"name": "addWishlist",
					"request": {
						"method": "POST",
						"header": [],
						"url": {
							"raw": "{{local}}/addWishlist?product_id=2&user_id=1",
							"host": [
								"{{local}}"
							],
							"path": [
								"addWishlist"
							],
							"query": [
								{
									"key": "product_id",
									"value": "2"
								},
								{
									"key": "user_id",
									"value": "1"
								}
							]
						}
					},
					"response": []
				},
				{
					"name": "New Request",
					"request": {
						"method": "DELETE",
						"header": [],
						"url": {
							"raw": "{{local}}/delWishlist?wishlist_id=1",
							"host": [
								"{{local}}"
							],
							"path": [
								"delWishlist"
							],
							"query": [
								{
									"key": "wishlist_id",
									"value": "1"
								}
							]
						}
					},
					"response": []
				}
			]
		},
		{
			"name": "registration",
			"request": {
				"method": "POST",
				"header": [],
				"body": {
					"mode": "urlencoded",
					"urlencoded": [
						{
							"key": "name",
							"value": "Mehedi Hasan",
							"type": "text"
						},
						{
							"key": "email",
							"value": "meek@test.com",
							"type": "text"
						},
						{
							"key": "password",
							"value": "123",
							"type": "text"
						},
						{
							"key": "phone",
							"value": "+8801747090362",
							"type": "text"
						}
					]
				},
				"url": {
					"raw": "{{local}}/registration",
					"host": [
						"{{local}}"
					],
					"path": [
						"registration"
					]
				}
			},
			"response": []
		},
		{
			"name": "login",
			"request": {
				"method": "POST",
				"header": [],
				"body": {
					"mode": "urlencoded",
					"urlencoded": [
						{
							"key": "phone",
							"value": "+8801747090362",
							"type": "text"
						},
						{
							"key": "password",
							"value": "1234",
							"type": "text"
						}
					]
				},
				"url": {
					"raw": "{{local}}/login",
					"host": [
						"{{local}}"
					],
					"path": [
						"login"
					]
				}
			},
			"response": []
		},
		{
			"name": "allCategory",
			"request": {
				"method": "GET",
				"header": [],
				"url": {
					"raw": "{{local}}/allCategory",
					"host": [
						"{{local}}"
					],
					"path": [
						"allCategory"
					]
				}
			},
			"response": []
		},
		{
			"name": "productDetails",
			"request": {
				"method": "GET",
				"header": [],
				"url": {
					"raw": "{{local}}/productDetails?id=1",
					"host": [
						"{{local}}"
					],
					"path": [
						"productDetails"
					],
					"query": [
						{
							"key": "id",
							"value": "1"
						}
					]
				}
			},
			"response": []
		},
		{
			"name": "relatedProducts",
			"request": {
				"method": "GET",
				"header": [],
				"url": {
					"raw": "{{local}}/relatedProducts?id=1",
					"host": [
						"{{local}}"
					],
					"path": [
						"relatedProducts"
					],
					"query": [
						{
							"key": "id",
							"value": "1"
						}
					]
				}
			},
			"response": []
		},
		{
			"name": "allProducts",
			"request": {
				"method": "GET",
				"header": [],
				"url": {
					"raw": "{{local}}/allProducts",
					"host": [
						"{{local}}"
					],
					"path": [
						"allProducts"
					]
				}
			},
			"response": []
		},
		{
			"name": "productsByCat",
			"request": {
				"method": "GET",
				"header": [],
				"url": {
					"raw": "{{local}}/productsByCat?catID=1",
					"host": [
						"{{local}}"
					],
					"path": [
						"productsByCat"
					],
					"query": [
						{
							"key": "catID",
							"value": "1"
						}
					]
				}
			},
			"response": []
		},
		{
			"name": "flashSell",
			"request": {
				"method": "GET",
				"header": [],
				"url": {
					"raw": "{{local}}/flashSell",
					"host": [
						"{{local}}"
					],
					"path": [
						"flashSell"
					]
				}
			},
			"response": []
		}
	],
	"event": [
		{
			"listen": "prerequest",
			"script": {
				"type": "text/javascript",
				"exec": [
					""
				]
			}
		},
		{
			"listen": "test",
			"script": {
				"type": "text/javascript",
				"exec": [
					""
				]
			}
		}
	],
	"variable": [
		{
			"key": "local",
			"value": "https://mark-agro.soykothosen.com"
		},
		{
			"key": "local1",
			"value": "http://localhost:3000",
			"type": "string"
		}
	]
}